season,episode,episode_title
1,1,Sex and the City
1,2,Models and Mortals
1,3,Bay of Married Pigs
1,4,Valley of the Twenty-Something Guys
1,5,The Power of Female Sex
1,6,Secret Sex
1,7,The Monogamists
1,8,Three's a Crowd
1,9,The Turtle and the Hare
1,10,The Baby Shower
1,11,The Drought
1,12,Oh Come All Ye Faithful
2,1,Take Me Out to the Ballgame
2,2,The Awful Truth
2,3,The Freak Show
2,4,"They Shoot Single People, Don't They?"
2,5,Four Women and a Funeral
2,6,The Cheating Curve
2,7,The Chicken Dance
2,8,"The Man, The Myth, The Viagra"
2,9,"Old Dogs, New Dicks"
2,10,The Caste System
2,11,Evolution
2,12,La Douleur Exquise!
2,13,Games People Play
2,14,The Fuck Buddy
2,15,Shortcomings
2,16,Was It Good For You?
2,17,Twenty-Something Girls vs. Thirty-Something Women
2,18,Ex and the City
3,1,Where There's Smoke...
3,2,Politically Erect
3,3,"Attack of the 5'10"" Woman"
3,4,"Boy, Girl, Boy, Girl..."
3,5,"No Ifs, Ands, or Butts"
3,6,Are We Sluts?
3,7,Drama Queens
3,8,The Big Time
3,9,"Easy Come, Easy Go"
3,10,All or Nothing
3,11,Running with Scissors
3,12,"Don't Ask, Don't Tell"
3,13,Escape from New York
3,14,Sex and Another City
3,15,Hot Child in the City
3,16,Frenemies
3,17,What Goes Around Comes Around
3,18,Cock a Doodle Do!
4,1,The Agony and the 'Ex'-tacy
4,2,The Real Me
4,3,Defining Moments
4,4,What's Sex Got to Do with It?
4,5,Ghost Town
4,6,"Baby, Talk Is Cheap"
4,7,Time and Punishment
4,8,"My Motherboard, My Self"
4,9,Sex and the Country
4,10,Belles of the Balls
4,11,"Coulda, Woulda, Shoulda"
4,12,Just Say Yes
4,13,The Good Fight
4,14,All That Glitters
4,15,Change of a Dress
4,16,Ring a Ding Ding
4,17,A 'Vogue' Idea
4,18,I Heart NY
5,1,Anchors Away
5,2,Unoriginal Sin
5,3,Luck Be an Old Lady
5,4,Cover Girl
5,5,Plus One Is the Loneliest Number
5,6,Critical Condition
5,7,The Big Journey
5,8,I Love a Charade
6,1,"To Market, to Market"
6,2,Great Sexpectations
6,3,The Perfect Present
6,4,"Pick-a-Little, Talk-a-Little"
6,5,"Lights, Camera, Relationship!"
6,6,"Hop, Skip, and a Week"
6,7,The Post-It Always Sticks Twice
6,8,The Catch
6,9,A Woman's Right to Shoes
6,10,"Boy, Interrupted"
6,11,The Domino Effect
6,12,One
6,13,Let There Be Light
6,14,The Ick Factor
6,15,Catch-38
6,16,Out of the Frying Pan
6,17,The Cold War
6,18,Splat!
6,19,An American Girl in Paris (Part Une)
6,20,An American Girl in Paris (Part Deux)
